<?xml version="1.0" encoding="utf-8"?>
<data>
	<HDROPERATION>0005</HDROPERATION>
	<HDRORDER>530000010367</HDRORDER>
	<HDRNOTIFICATION/>
	<HDRSERVICEID>00000000</HDRSERVICEID>
	<HDRCOMPANY>SDGE</HDRCOMPANY>
	<HDRFORMGUID>5154043A4BA90920E10080000AC07828</HDRFORMGUID>
	<DIRECTORY_NAME>DCP</DIRECTORY_NAME>
	<FILE_NAME>EMBM_EXCAVATION_530000010367.pdf</FILE_NAME>
	<AUFNR>530000010367</AUFNR>
<OPERATION>0005</OPERATION>
<TBROS/>
<LOCATION/>
<CITY/>
<PERMIT_NO/>
<PERM_EXPDT/>
<GW_EXCAV>
<REPAIR_REQ1/>
<REPAIR_REQ2/>
<REPAIR_REQ3/>
<REPAIR_REQ4/>
<PAVING_TYPE1/>
<PAVING_TYPE2/>
<PAVING_TYPE3/>
<PAVING_TYPE4/>
<BASE_TYPE1/>
<BASE_TYPE2/>
<BASE_TYPE3/>
<BASE_TYPE4/>
<PAVING_LOC1/>
<PAVING_LOC2/>
<PAVING_LOC3/>
<PAVING_LOC4/>
<EXC_THICK_IN1>0</EXC_THICK_IN1>
<EXC_THICK_IN2>0</EXC_THICK_IN2>
<EXC_THICK_IN3>0</EXC_THICK_IN3>
<EXC_THICK_IN4>0</EXC_THICK_IN4>
<EXC_LENGTH_FT1>0</EXC_LENGTH_FT1>
<EXC_LENGTH_FT2>0</EXC_LENGTH_FT2>
<EXC_LENGTH_FT3>0</EXC_LENGTH_FT3>
<EXC_LENGTH_FT4>0</EXC_LENGTH_FT4>
<EXC_WIDTH_FT1>0</EXC_WIDTH_FT1>
<EXC_WIDTH_FT2>0</EXC_WIDTH_FT2>
<EXC_WIDTH_FT3>0</EXC_WIDTH_FT3>
<EXC_WIDTH_FT4>0</EXC_WIDTH_FT4>
<SIMILAR_CUTS1/>
<SIMILAR_CUTS2/>
<SIMILAR_CUTS3/>
<SIMILAR_CUTS4/>
<STREET2_1/>
<STREET2_2/>
<STREET2_3/>
<STREET2_4/>
<EXC_REP_THICK_IN1>0.0</EXC_REP_THICK_IN1>
<EXC_REP_THICK_IN2>0.0</EXC_REP_THICK_IN2>
<EXC_REP_THICK_IN3>0.0</EXC_REP_THICK_IN3>
<EXC_REP_THICK_IN4>0.0</EXC_REP_THICK_IN4>
<EXC_REP_LENGTH_FT1>0</EXC_REP_LENGTH_FT1>
<EXC_REP_LENGTH_FT2>0</EXC_REP_LENGTH_FT2>
<EXC_REP_LENGTH_FT3>0</EXC_REP_LENGTH_FT3>
<EXC_REP_LENGTH_FT4>0</EXC_REP_LENGTH_FT4>
<EXC_REP_WIDTH_FT1>0</EXC_REP_WIDTH_FT1>
<EXC_REP_WIDTH_FT2>0</EXC_REP_WIDTH_FT2>
<EXC_REP_WIDTH_FT3>0</EXC_REP_WIDTH_FT3>
<EXC_REP_WIDTH_FT4>0</EXC_REP_WIDTH_FT4>
<REPORT_PIPE_COND_1/>
<REPORT_PIPE_COND_2/>
<REPORT_PIPE_COND_3/>
<REPORT_PIPE_COND_4/>
<MAIN_FACILITY1/>
<MAIN_FACILITY2/>
<MAIN_FACILITY3/>
<MAIN_FACILITY4/>
<SERVICE_FACILITY1/>
<SERVICE_FACILITY2/>
<SERVICE_FACILITY3/>
<SERVICE_FACILITY4/>
<PIPE_MAT_1_1/>
<PIPE_MAT_1_2/>
<PIPE_MAT_1_3/>
<PIPE_MAT_1_4/>
<PIPE_MAT_2_1/>
<PIPE_MAT_2_2/>
<PIPE_MAT_2_3/>
<PIPE_MAT_2_4/>
<PIPE_RUST_EXT_1_1/>
<PIPE_RUST_EXT_1_2/>
<PIPE_RUST_EXT_1_3/>
<PIPE_RUST_EXT_1_4/>
<PIPE_RUST_EXT_2_1/>
<PIPE_RUST_EXT_2_2/>
<PIPE_RUST_EXT_2_3/>
<PIPE_RUST_EXT_2_4/>
<PIPE_RUST_INT_1_1/>
<PIPE_RUST_INT_1_2/>
<PIPE_RUST_INT_1_3/>
<PIPE_RUST_INT_1_4/>
<PIPE_RUST_INT_2_1/>
<PIPE_RUST_INT_2_2/>
<PIPE_RUST_INT_2_3/>
<PIPE_RUST_INT_2_4/>
<PIPE_PITT_EXT_1_1/>
<PIPE_PITT_EXT_1_2/>
<PIPE_PITT_EXT_1_3/>
<PIPE_PITT_EXT_1_4/>
<PIPE_PITT_EXT_2_1/>
<PIPE_PITT_EXT_2_2/>
<PIPE_PITT_EXT_2_3/>
<PIPE_PITT_EXT_2_4/>
<PIPE_PITT_INT_1_1/>
<PIPE_PITT_INT_1_2/>
<PIPE_PITT_INT_1_3/>
<PIPE_PITT_INT_1_4/>
<PIPE_PITT_INT_2_1/>
<PIPE_PITT_INT_2_2/>
<PIPE_PITT_INT_2_3/>
<PIPE_PITT_INT_2_4/>
<PIPE_WRAP_1_1/>
<PIPE_WRAP_1_2/>
<PIPE_WRAP_1_3/>
<PIPE_WRAP_1_4/>
<PIPE_WRAP_2_1/>
<PIPE_WRAP_2_2/>
<PIPE_WRAP_2_3/>
<PIPE_WRAP_2_4/>
</GW_EXCAV>
<GW_EXCPAGE2>
<REMARKS/>
<ARROW_BOARD/>
<RESTRIPE/>
<RETAIN_WALL/>
<TOP_SECTION_LID_REPL/>
<JT_MEET_REQ/>
<MAJOR_ST_LANE/>
<SPEC_FINISH/>
<SPEC_FINISH_TYPE/>
<STREET_SWEEP_DAY/>
<STREET_SWEEP_START>00:00:00</STREET_SWEEP_START>
<STREET_SWEEP_END>00:00:00</STREET_SWEEP_END>
<CUSTNAME/>
<CUSTTEL/>
</GW_EXCPAGE2>
</data>